from,to,note
/,/zauberer/,
/kinderzauberer.html,/kinderzauberer/,
/close-up-zauberer.html,/zauberer/close-up/,target page still to build (brief 6.1); until then /zauberer/tisch-zauberer/
/tisch-zauberer.html,/zauberer/tisch-zauberer/,
/walk-act-zauberer.html,/clown/walk-act/,
/buehnenshow.html,/zauberer/buehnen-zauberer/,
/zaubershow-erwachsene.html,/zauberer/,brief said /zauberer/zaubershow/ but that is the kids zone since 2026-10-06
/fotogalerie.html,/galerie/,
/videogalerie.html,/galerie/,
/referenzen.html,/ueber-mich/,
/kontakt.html,/kontakt/,
/zauberer-bottrop.html,/zauberer/zauberer-in-bottrop/,city page taken over 2026-10-07
/zauberer-dinslaken.html,/zauberer/zauberer-in-dinslaken/,city page taken over 2026-10-07
/zauberer-dorsten.html,/zauberer/zauberer-in-dorsten/,city page taken over 2026-10-07
/zauberer-duisburg.html,/zauberer/zauberer-in-duisburg/,city page taken over 2026-10-07
/zauberer-essen.html,/zauberer/zauberer-in-essen/,city page taken over 2026-10-07
/zauberer-gelsenkirchen.html,/zauberer/zauberer-in-gelsenkirchen/,city page taken over 2026-10-07
/zauberer-gladbeck.html,/zauberer/zauberer-in-gladbeck/,city page taken over 2026-10-07
/zauberer-haltern.html,/zauberer/zauberer-in-haltern/,city page taken over 2026-10-07
/zauberer-herne.html,/zauberer/zauberer-in-herne/,city page taken over 2026-10-07
/zauberer-herten.html,/zauberer/zauberer-in-herten/,city page taken over 2026-10-07
/zauberer-marl.html,/zauberer/zauberer-in-marl/,city page taken over 2026-10-07
/zauberer-oberhausen.html,/zauberer/zauberer-in-oberhausen/,city page taken over 2026-10-07
/zauberer-recklinghausen.html,/zauberer/zauberer-in-recklinghausen/,city page taken over 2026-10-07
/zauberer-wesel.html,/zauberer/zauberer-in-wesel/,city page taken over 2026-10-07
/impressum.html,/impressum/,
/datenschutz.html,/datenschutzerklaerung-2/,
/agb.html,/agbs/,
